{
  "val_acc": 0.9686311787072244,
  "val_macro_f1": 0.971454997033015,
  "test_acc": 0.9709401709401709,
  "test_macro_f1": 0.967774721361477,
  "per_class_f1": {
    "Normal": 0.9801324503311258,
    "Astrocitoma": 0.9517241379310345,
    "Carcinoma": 1.0,
    "Ependimoma": 0.9714285714285714,
    "Ganglioglioma": 1.0,
    "Germinoma": 1.0,
    "Glioblastoma": 1.0,
    "Granuloma": 0.9230769230769231,
    "Meduloblastoma": 0.9375,
    "Meningioma": 0.9875518672199171,
    "Neurocitoma": 0.967741935483871,
    "Oligodendroglioma": 0.9841269841269841,
    "Papiloma": 0.896551724137931,
    "Schwannoma": 0.975609756097561,
    "Tuberculoma": 0.9411764705882353
  },
  "n_train": 4203,
  "n_val": 1052,
  "n_test": 585,
  "classes": [
    "Normal",
    "Astrocitoma",
    "Carcinoma",
    "Ependimoma",
    "Ganglioglioma",
    "Germinoma",
    "Glioblastoma",
    "Granuloma",
    "Meduloblastoma",
    "Meningioma",
    "Neurocitoma",
    "Oligodendroglioma",
    "Papiloma",
    "Schwannoma",
    "Tuberculoma"
  ],
  "sampler_mode": "class_group",
  "dedupe_within_splits": false,
  "img_size": 300
}