{
  "val_acc": 0.8041825095057035,
  "val_macro_f1": 0.7841575816062939,
  "test_acc": 0.7846153846153846,
  "test_macro_f1": 0.7723394033328312,
  "per_class_f1": {
    "Normal": 0.8053691275167785,
    "Astrocitoma": 0.6446280991735537,
    "Carcinoma": 0.9824561403508771,
    "Ependimoma": 0.7441860465116279,
    "Ganglioglioma": 0.6363636363636364,
    "Germinoma": 0.6956521739130435,
    "Glioblastoma": 0.7555555555555555,
    "Granuloma": 0.6896551724137931,
    "Meduloblastoma": 0.8333333333333334,
    "Meningioma": 0.7729468599033816,
    "Neurocitoma": 0.8823529411764706,
    "Oligodendroglioma": 0.7466666666666667,
    "Papiloma": 0.8,
    "Schwannoma": 0.8064516129032258,
    "Tuberculoma": 0.7894736842105263
  },
  "n_train": 4203,
  "n_val": 1052,
  "n_test": 585,
  "classes": [
    "Normal",
    "Astrocitoma",
    "Carcinoma",
    "Ependimoma",
    "Ganglioglioma",
    "Germinoma",
    "Glioblastoma",
    "Granuloma",
    "Meduloblastoma",
    "Meningioma",
    "Neurocitoma",
    "Oligodendroglioma",
    "Papiloma",
    "Schwannoma",
    "Tuberculoma"
  ],
  "sampler_mode": "class_group",
  "dedupe_within_splits": false,
  "img_size": 300,
  "equalize_train": true,
  "per_group_cap": 3
}