{
  "val_acc": 0.8318965517241379,
  "val_macro_f1": 0.8159666737155147,
  "test_acc": 0.7769230769230769,
  "test_macro_f1": 0.7721614519757085,
  "per_class_f1": {
    "Normal": 0.8354430379746836,
    "Astrocitoma": 0.5950413223140496,
    "Carcinoma": 1.0,
    "Ependimoma": 0.8181818181818182,
    "Ganglioglioma": 0.6666666666666666,
    "Germinoma": 0.8,
    "Glioblastoma": 0.6666666666666666,
    "Granuloma": 0.9230769230769231,
    "Meduloblastoma": 0.6666666666666666,
    "Meningioma": 0.6818181818181818,
    "Neurocitoma": 0.8421052631578947,
    "Oligodendroglioma": 0.8,
    "Papiloma": 0.7088607594936709,
    "Schwannoma": 0.8682170542635659,
    "Tuberculoma": 0.7096774193548387
  },
  "n_train": 3801,
  "n_val": 928,
  "n_test": 520,
  "classes": [
    "Normal",
    "Astrocitoma",
    "Carcinoma",
    "Ependimoma",
    "Ganglioglioma",
    "Germinoma",
    "Glioblastoma",
    "Granuloma",
    "Meduloblastoma",
    "Meningioma",
    "Neurocitoma",
    "Oligodendroglioma",
    "Papiloma",
    "Schwannoma",
    "Tuberculoma"
  ],
  "sampler_mode": "class_group",
  "dedupe_within_splits": false,
  "img_size": 300,
  "equalize_train": true,
  "per_group_cap": 3
}